<collection xmlns="http://exist.sourceforge.net/NS/exist" name="/db/apps/84000-import" owner="admin" group="dba" mode="755" created="2018-05-24T16:38:20+02:00" version="1">
    <acl entries="0" version="1"/>
    <resource type="XMLResource" name="repo.xml" owner="admin" group="dba" mode="664" created="2018-05-24T16:38:21+02:00" modified="2018-05-24T16:38:21+02:00" filename="repo.xml" mimetype="application/xml">
        <acl entries="0" version="1"/>
    </resource>
    <resource type="XMLResource" name="error-page.html" owner="admin" group="dba" mode="664" created="2018-05-24T16:38:20+02:00" modified="2018-05-24T16:38:20+02:00" filename="error-page.html" mimetype="text/html">
        <acl entries="0" version="1"/>
    </resource>
    <resource type="BinaryResource" name="README.md" owner="admin" group="dba" mode="664" created="2018-05-24T16:38:20+02:00" modified="2018-05-24T16:38:20+02:00" filename="README.md" mimetype="text/markdown">
        <acl entries="0" version="1"/>
    </resource>
    <resource type="BinaryResource" name="controller.xql" owner="admin" group="dba" mode="775" created="2018-05-24T16:38:20+02:00" modified="2018-07-31T15:04:22+02:00" filename="controller.xql" mimetype="application/xquery">
        <acl entries="0" version="1"/>
    </resource>
    <resource type="XMLResource" name="collection.xconf" owner="admin" group="dba" mode="664" created="2018-05-24T16:38:20+02:00" modified="2018-05-24T16:38:20+02:00" filename="collection.xconf" mimetype="application/xml">
        <acl entries="0" version="1"/>
    </resource>
    <resource type="XMLResource" name="expath-pkg.xml" owner="admin" group="dba" mode="664" created="2018-05-24T16:38:20+02:00" modified="2018-08-06T14:48:03+02:00" filename="expath-pkg.xml" mimetype="application/xml">
        <acl entries="0" version="1"/>
    </resource>
    <resource type="XMLResource" name="build.xml" owner="admin" group="dba" mode="664" created="2018-05-24T16:38:20+02:00" modified="2018-05-24T16:38:20+02:00" filename="build.xml" mimetype="application/xml">
        <acl entries="0" version="1"/>
    </resource>
    <resource type="XMLResource" name="index.html" owner="admin" group="dba" mode="664" created="2018-05-24T16:38:20+02:00" modified="2018-07-31T15:02:03+02:00" filename="index.html" mimetype="text/html">
        <acl entries="0" version="1"/>
    </resource>
    <resource type="XMLResource" name="storedDocs.html" owner="admin" group="dba" mode="664" created="2018-05-24T16:38:20+02:00" modified="2018-05-24T16:38:20+02:00" filename="storedDocs.html" mimetype="text/html">
        <acl entries="0" version="1"/>
    </resource>
    <resource type="BinaryResource" name="pre-install.xql" owner="admin" group="dba" mode="775" created="2018-05-24T16:38:20+02:00" modified="2018-05-24T16:38:20+02:00" filename="pre-install.xql" mimetype="application/xquery">
        <acl entries="0" version="1"/>
    </resource>
    <resource type="BinaryResource" name="post-install.xq" owner="admin" group="dba" mode="775" created="2018-05-24T16:38:20+02:00" modified="2018-05-24T16:38:20+02:00" filename="post-install.xq" mimetype="application/xquery">
        <acl entries="0" version="1"/>
    </resource>
    <subcollection name="resources" filename="resources"/>
    <subcollection name="modules" filename="modules"/>
    <subcollection name="templates" filename="templates"/>
</collection>