<collection xmlns="http://exist.sourceforge.net/NS/exist" name="/db/apps/84000-translator-tools" owner="admin" group="dba" mode="755" created="2018-05-17T15:11:22+02:00" version="1">
    <acl entries="0" version="1"/>
    <resource type="XMLResource" name="expath-pkg.xml" owner="admin" group="dba" mode="644" created="2018-05-18T13:07:02+02:00" modified="2018-11-28T17:04:26+01:00" filename="expath-pkg.xml" mimetype="application/xml">
        <acl entries="0" version="1"/>
    </resource>
    <resource type="BinaryResource" name="pre-install.xql" owner="admin" group="dba" mode="750" created="2018-05-18T13:07:02+02:00" modified="2018-05-18T13:07:02+02:00" filename="pre-install.xql" mimetype="application/xquery">
        <acl entries="0" version="1"/>
    </resource>
    <resource type="XMLResource" name="repo.xml" owner="admin" group="dba" mode="644" created="2018-05-18T13:07:02+02:00" modified="2018-05-18T13:08:24+02:00" filename="repo.xml" mimetype="application/xml">
        <acl entries="0" version="1"/>
    </resource>
    <resource type="BinaryResource" name="controller.xql" owner="admin" group="dba" mode="755" created="2018-05-18T13:07:02+02:00" modified="2018-09-24T16:05:51+02:00" filename="controller.xql" mimetype="application/xquery">
        <acl entries="0" version="1"/>
    </resource>
    <subcollection name="modules" filename="modules"/>
    <subcollection name="views" filename="views"/>
    <subcollection name="models" filename="models"/>
</collection>