<meta xmlns="http://exist-db.org/xquery/repo">
    <description>84000 Utilities</description>
    <author>84000 Translating the words of the Buddha</author>
    <website>http://84000-translate.org</website>
    <status>alpha</status>
    <license>GNU-LGPL</license>
    <copyright>true</copyright>
    <type>application</type>
    <target>84000-translator-tools</target>
    <prepare>pre-install.xql</prepare>
    <finish/>
    <permissions user="admin" group="translator-tools" mode="rwxr-x---"/>
</meta>