<collection xmlns="http://exist.sourceforge.net/NS/exist" name="/db/apps/84000-translator-tools/models" owner="admin" group="dba" mode="755" created="2018-05-18T13:06:24+02:00" version="1">
    <acl entries="0" version="1"/>
    <resource type="BinaryResource" name="index.xq" owner="admin" group="translator-tools" mode="750" created="2018-05-18T14:42:26+02:00" modified="2018-11-23T12:09:18+01:00" filename="index.xq" mimetype="application/xquery">
        <acl entries="1" version="1">
            <ace index="0" target="GROUP" who="translators" access_type="ALLOWED" mode="5"/>
        </acl>
    </resource>
    <resource type="BinaryResource" name="glossary-items.xq" owner="admin" group="dba" mode="755" created="2018-05-18T16:32:54+02:00" modified="2018-11-21T16:22:18+01:00" filename="glossary-items.xq" mimetype="application/xquery">
        <acl entries="0" version="1"/>
    </resource>
    <resource type="BinaryResource" name="cumulative-glossary.xq" owner="admin" group="dba" mode="755" created="2018-05-18T16:21:51+02:00" modified="2018-08-28T14:43:26+02:00" filename="cumulative-glossary.xq" mimetype="application/xquery">
        <acl entries="0" version="1"/>
    </resource>
</collection>